,0
0,masalah
1,siapa
2,dari
3,menentukan
4,adalah
5,jauh
6,hari
7,nama
8,kandidat
9,itu
10,masuk
11,bursa
12,tentu
13,pak
14,apakah
15,izin
16,cuti
17,pak
18,cuti
19,budi
20,apakah
21,izin
22,kita
23,siap
24,mendukung
25,visi
26,dan
27,misi
28,ganjar
29,untuk
30,yang
31,lebih
32,baik
33,kawal
34,terus
35,ganjar
36,saya
37,yakin
38,memiliki
39,visi
40,yang
41,sama
42,untuk
43,kemajuan
44,ganjar
45,semoga
46,dengan
47,peringatan
48,ke
49,hari
50,republik
51,seluruh
52,jajaran
53,kementerian
54,keuangan
55,di
56,kabupaten
57,belu
58,dapat
59,menghadapi
60,tantangan
61,menuju
62,pemulihan
63,mengambil
64,tema
65,lebih
66,baik
67,peringatan
68,ke
69,mengingatkan
70,kita
71,untuk
72,mengungkapkan
73,saat
74,ini
75,kandidat
76,dari
77,koalisi
78,maju
79,kim
80,telah
81,mengerucut
82,menjadi
83,empat
84,nama
85,dari
86,koalisi
87,maju
88,kenapa
89,kompetisi
90,itu
91,oke
92,banget
93,dengan
94,hati
95,kita
96,dan
97,mereka
98,untuk
99,kawal
100,terus
101,ganjar
102,salah
103,pengembangan
104,obat
105,obat
106,bahan
107,alam
108,di
109,melalui
110,gerakan
111,bersama
112,pengembangan
113,pada
114,lalu
115,telah
116,membentuk
117,satuan
118,tugas
119,geber
120,yang
121,terdiri
122,dari
123,beberapa
124,bidang
125,penugasan
126,pada
127,pertemuan
128,kali
129,ini
130,hai
131,sebagai
132,bentuk
133,dukungan
134,terhadap
135,peningkatan
136,ketahanan
137,kesehatan
138,di
139,bidang
140,kefarmasian
141,pemerintah
142,terus
143,industri
144,farmasi
145,untuk
146,peningkatan
147,kapasitas
148,produksi
149,obat
150,dalam
151,negeri
152,dengan
153,memanfaatkan
154,kekayaan
155,sumber
156,daya
157,yang
158,bagai
159,nakhoda
160,handal
161,mereka
162,mengendalikan
163,bahtera
164,menuju
165,keemasan
166,kawal
167,terus
168,ganjar
169,visi
170,mereka
171,adalah
172,obor
173,penerangan
174,bagi
175,kawal
176,terus
177,ganjar
178,kita
179,mereka
180,dan
181,harapan
182,untuk
183,yang
184,cerdas
185,kawal
186,terus
187,ganjar
188,terakhir
189,kejadian
190,di
191,ribut
192,ribut
193,adu
194,jotos
195,antar
196,artis
197,ini
198,goblok
199,sekalian
200,sama
201,aja
202,upaya
203,senggol
204,bacok
205,beradab
206,persero
207,melakukan
208,serah
209,terima
210,beasiswa
211,kepada
212,taruna
213,politeknik
214,perkeretaapian
215,serta
216,mahasiswa
217,politeknik
218,negeri
219,terkait
220,apakah
221,partai
222,akan
223,menarik
224,diri
225,jika
226,bakal
227,dari
228,partai
229,itu
230,tidak
231,oleh
232,koalisi
233,maju
234,kim
235,meraih
236,puncak
237,bersama
238,kepemimpinan
239,mereka
240,kawal
241,terus
242,ganjar
243,on
244,do
245,to
246,be
247,to
248,akan
249,saja
250,selama
251,punya
252,visi
253,dan
254,sikap
255,penuh
256,optimisme
257,seperti
258,ganjar
259,dan
260,selalu
261,memberikan
262,optimisme
263,dan
264,pencerahan
265,ke
266,korsel
267,di
268,turun
269,dan
270,lebih
271,parah
272,sama
273,kaum
274,wanita
275,juga
276,asosiasi
277,persepatuan
278,tolak
279,pengetatan
280,impor
281,salah
282,resep
283,salah
284,obat
285,region
286,berlangsung
287,di
288,pada
289,sebagai
290,upaya
291,peningkatan
292,kerja
293,sama
294,perdagangan
295,bilateral
296,antara
297,dan
298,masa
299,depan
300,yang
301,cerah
302,sudah
303,di
304,depan
305,mata
306,dengan
307,pasangan
308,ini
309,ganjar
310,era
311,baru
312,bersama
313,ganjar
314,kawal
315,terus
316,ganjar
317,harap
318,hasil
319,positif
320,ke
