,full_text
0,Masalah Siapa Cawapres dari Capres @ganjarpranowo yg menentukan adalah Ketum @msoekarnoputri Nitâ€¼ï¸  Jauh hari 5 nama Kandidat itu masuk dlm Bursa Cawapres tentu diketahui Pak @jokowi  Apakah Izin Cuti Pak @mohmahfudmd tdk direstuiâ“  Bgm dgn Cuti Wowo &amp  Budi apakah  sdh izinâ“
1,Kita siap mendukung visi dan misi Ganjar-Mahfud MD untuk Indonesia yang lebih baik. @buss1026btm2  Kawal Terus Ganjar-Mahfud MD https://t.co/S1SSrJeHBR
2,"Saya yakin, keduanya memiliki visi yang sama untuk kemajuan Indonesia  Ganjar Mahfud 2024 https://t.co/uI6mPP45D1"
3,"Semoga dengan peringatan ke-77 Hari Oeang Republik Indonesia, seluruh jajaran Kementerian Keuangan khususnya di Kabupaten Belu dapat menghadapi tantangan menuju pemulihan Indonesia. Mengambil tema Kemenkeu Melayani Lebih Baik"", peringatan HORI ke-77 mengingatkan kita untuk https://t.co/Clde2kho8F"""
4,@yudhpraditia Prabowo mengungkapkan saat ini kandidat cawapres dari Koalisi Indonesia Maju (KIM) telah mengerucut menjadi empat nama. dekade08
5,@yudhpraditia Prabowo dari Koalisi Indonesia Maju nge-jelasin kenapa kompetisi itu oke banget! dekade08
6,"Dengan hati, kita dan mereka berjuang untuk Indonesia. @abanto_E1  Kawal Terus Ganjar-Mahfud MD https://t.co/YgDgsvrzXP"
7,"Salah satunya pengembangan obat-obat bahan alam di Indonesia melalui Gerakan Bersama Pengembangan Fitofarmaka.   Pada September lalu, Ditjen Farmalkes telah membentuk Satuan Tugas Geber Fito yang terdiri dari beberapa bidang penugasan. Pada pertemuan kali ini, https://t.co/GAxALc6KZu"
8,ğŸ–¼ï¸231020 Valentinoå®˜æ–¹å¾®åš Weibo Post - #WINWIN ğŸ¥ğŸ’–  ğŸ”—https://t.co/HOfUBblQJK  ğŸ¥¦ @WayV_official https://t.co/phhRvZI5h6
9,"Hai #SobatSehat,  Sebagai bentuk dukungan terhadap peningkatan ketahanan kesehatan Indonesia di bidang kefarmasian, pemerintah terus membina industri farmasi untuk peningkatan kapasitas produksi obat dalam negeri dengan memanfaatkan kekayaan sumber daya yang dimiliki. https://t.co/WCSilHpifD"
10,"Bagai nakhoda handal, mereka mengendalikan bahtera Indonesia menuju keemasan. @Abymany47450488  Kawal Terus Ganjar-Mahfud MD https://t.co/SIDqQGMd4v"
11,Keberagaman visi mereka adalah obor penerangan bagi Indonesia kedepan. @James_Sasongko  Kawal Terus Ganjar-Mahfud MD https://t.co/F7L9RmQfzK
12,"Kita, mereka, dan harapan, untuk Indonesia yang cerdas. @dehadaud  Kawal Terus Ganjar-Mahfud MD https://t.co/RryVadyowY"
13,"Terakhir kejadian di daop 6.  Ribut ribut adu jotos antar artis ini goblok, gausah ditonton sekalian. Sama aja mentahin upaya capek2 masy indonesia yg senggol bacok dibikin beradab https://t.co/5XQVX4AjDr"
14,PT INKA (Persero) melakukan serah terima beasiswa kepada 21 Taruna Politeknik Perkeretaapian Indonesia (PPI) serta 56 Mahasiswa Politeknik Negeri Madiun (PNM) (17/10).   #TJSLINKA #BUMNUntukIndonesia https://t.co/MOOu96zafH
15,"Terkait, apakah Partai Golkar akan menarik diri jika bakal cawapres dari partai itu tidak disetujui oleh Koalisi Indonesia Maju (KIM), #BersamaPrabowo #MenataMasaDepan Prabowo Subianto"
16,ğŸŒ Official Traveloka Community MAMS: https://t.co/t2hpcqGXwR Explore Power Club: https://t.co/6q2877EH5o Promo Hunter: https://t.co/QazOBTYcG1 Ngebasreng: https://t.co/UUDLFJWGWp Traveloka Travel Expert: https://t.co/ZGsZ2wmKBY https://t.co/t02zO6kDqZ
17,Indonesia meraih puncak bersama kepemimpinan mereka. @PayungHujan10  Kawal Terus Ganjar-Mahfud MD https://t.co/6hK0DtweSq
18,Why some Malaysia and Indonesia support conspiracies and hallucinations of South Asians from Islamist Pakistan and Hindutva India or Christian extremists KKK USA if Palestine or Israel wins tomorrow on doomsday. Do you want to be stupid to find a firearms and weapons? ğŸ’©
19,Indonesia akan baikÂ² saja selama pemimpinnya punya visi dan sikap penuh optimisme seperti Ganjar Pranowo dan Mahfud MD. Selalu memberikan optimisme dan pencerahan https://t.co/inPmsX2KBX
20,"@tanyarlfes Gausah jauhÂ² ke KorSel, di Indonesia jg bnyk. Patriaki yg udh jd turun temurun dan lebih parah didukung sama kaum wanita juga"
21,"Asosiasi Persepatuan Indonesia Tolak Pengetatan Impor: Salah Resep, Salah Obat https://t.co/cOefSPV5Cr #TempoBisnis"
22,Rebel ambush in Indonesia's restive Papua region kills a construction worker and injures 3 others https://t.co/Nqsu6pXztC
23,"Update:  Aeon Mall ~ Cikarang, Indonesia. The Biggest Mall in Southest Asia https://t.co/2atyNPl1lJ https://t.co/Ppb8cAnDi5"
24,14th Indonesia Trade and Tourism Promotion (ITTP) berlangsung di Phnom Penh pada 4-6 Agusus 2023 sebagai upaya peningkatan kerja sama perdagangan bilateral antara Indonesia dan Kamboja.  #PPITerimaDelegasiBisnisKamboja #PerusahaanPerdaganganIndonesia #QualityTradelogforEveryone https://t.co/dF4PRBroEz
25,Masa depan Indonesia yang cerah sudah di depan mata dengan pasangan ini  Ganjar Mahfud 2024 https://t.co/cNDlOHtYBz
26,Era baru Indonesia dimulai bersama Ganjar-Mahfud. @themyth888  Kawal Terus Ganjar-Mahfud MD https://t.co/TXWnkQlqw0
27,Rizky Ridho Harap Hasil Positif Timnas Indonesia Menular ke Persija  https://t.co/nS4LI6eVFC
