Kata Slang,Jumlah Kemunculan
ganjar,12
terus,8
dan,8
di,7
kawal,7
yang,6
untuk,6
dari,5
mereka,5
visi,4
ini,4
kita,4
ke,4
obat,4
sama,4
dengan,4
lebih,3
peningkatan,3
pada,3
bersama,3
koalisi,3
apakah,3
maju,3
itu,3
salah,3
sebagai,2
partai,2
menuju,2
akan,2
telah,2
politeknik,2
optimisme,2
bidang,2
pengembangan,2
to,2
peringatan,2
kim,2
cuti,2
baik,2
adalah,2
ribut,2
hari,2
nama,2
kandidat,2
pak,2
izin,2
depan,2
negeri,2
upaya,2
taruna,1
kepada,1
kepemimpinan,1
puncak,1
kejadian,1
meraih,1
senggol,1
persero,1
melakukan,1
oleh,1
tidak,1
bakal,1
jika,1
serah,1
adu,1
diri,1
menarik,1
jotos,1
antar,1
terima,1
aja,1
bacok,1
artis,1
goblok,1
terkait,1
mahasiswa,1
serta,1
sekalian,1
beasiswa,1
perkeretaapian,1
beradab,1
masalah,1
on,1
tolak,1
impor,1
resep,1
region,1
berlangsung,1
kerja,1
perdagangan,1
bilateral,1
antara,1
masa,1
cerah,1
sudah,1
mata,1
pasangan,1
era,1
baru,1
harap,1
hasil,1
pengetatan,1
persepatuan,1
do,1
asosiasi,1
be,1
saja,1
selama,1
punya,1
sikap,1
penuh,1
seperti,1
selalu,1
cerdas,1
memberikan,1
pencerahan,1
korsel,1
turun,1
parah,1
kaum,1
wanita,1
juga,1
terakhir,1
pemerintah,1
harapan,1
bagi,1
belu,1
dapat,1
menghadapi,1
tantangan,1
pemulihan,1
mengambil,1
tema,1
mengingatkan,1
mengungkapkan,1
saat,1
mengerucut,1
menjadi,1
empat,1
kenapa,1
kompetisi,1
oke,1
banget,1
kabupaten,1
keuangan,1
kementerian,1
mendukung,1
menentukan,1
jauh,1
masuk,1
bursa,1
tentu,1
budi,1
siap,1
misi,1
jajaran,1
saya,1
yakin,1
memiliki,1
kemajuan,1
semoga,1
republik,1
seluruh,1
hati,1
bahan,1
alam,1
daya,1
farmasi,1
kapasitas,1
produksi,1
dalam,1
memanfaatkan,1
kekayaan,1
sumber,1
bagai,1
siapa,1
nakhoda,1
handal,1
mengendalikan,1
bahtera,1
keemasan,1
obor,1
penerangan,1
industri,1
kefarmasian,1
melalui,1
beberapa,1
gerakan,1
lalu,1
membentuk,1
satuan,1
tugas,1
geber,1
terdiri,1
penugasan,1
kesehatan,1
pertemuan,1
kali,1
hai,1
bentuk,1
dukungan,1
terhadap,1
ketahanan,1
positif,1
