,Teks Bersih
0,"    Unnamed 0                                          full_text
0            0  Masalah Siapa Cawapres dari Capres ganjarpran
1            1  Kita siap mendukung visi dan misi GanjarMahfu
2            2  Saya yakin keduanya memiliki visi yang sama u
3            3  Semoga dengan peringatan ke77 Hari Oeang Repu
4            4  yudhpraditia Prabowo mengungkapkan saat ini k
5            5  yudhpraditia Prabowo dari Koalisi Indonesia M
6            6  Dengan hati kita dan mereka berjuang untuk In
7            7  Salah satunya pengembangan obatobat bahan ala
8            8  231020 Valentino官方微博 Weibo Post  WINWIN 
9            9  Hai SobatSehat  Sebagai bentuk dukungan terh
10          10  Bagai nakhoda handal mereka mengendalikan bah
11          11  Keberagaman visi mereka adalah obor penerangan
12          12  Kita mereka dan harapan untuk Indonesia yan
13          13  Terakhir kejadian di daop 6  Ribut ribut adu 
14          14  PT INKA Persero melakukan serah terima beasi
15          15  Terkait apakah Partai Golkar akan menarik dir
16          16   Official Traveloka Community MAMS httpst
17          17  Indonesia meraih puncak bersama kepemimpinan m
18          18  Why some Malaysia and Indonesia support conspi
19          19  Indonesia akan baik² saja selama pemimpinnya p
20          20  tanyarlfes Gausah jauh² ke KorSel di Indones
21          21  Asosiasi Persepatuan Indonesia Tolak Pengetata
22          22  Rebel ambush in Indonesias restive Papua regi
23          23  Update  Aeon Mall  Cikarang Indonesia The 
24          24  14th Indonesia Trade and Tourism Promotion IT
25          25  Masa depan Indonesia yang cerah sudah di depan
26          26  Era baru Indonesia dimulai bersama GanjarMahf
27          27  Rizky Ridho Harap Hasil Positif Timnas Indones"
